column,documented,description,special,dictionary_table
SK_ID_CURR,True,ID of loan in our sample,,application_{train|test}.csv
TARGET,True,"Target variable (1 - client with payment difficulties: he/she had late payment more than X days on at least one of the first Y installments of the loan in our sample, 0 - all other cases)",,application_{train|test}.csv
NAME_CONTRACT_TYPE,True,Identification if loan is cash or revolving,,application_{train|test}.csv
CODE_GENDER,True,Gender of the client,,application_{train|test}.csv
FLAG_OWN_CAR,True,Flag if the client owns a car,,application_{train|test}.csv
FLAG_OWN_REALTY,True,Flag if client owns a house or flat,,application_{train|test}.csv
CNT_CHILDREN,True,Number of children the client has,,application_{train|test}.csv
AMT_INCOME_TOTAL,True,Income of the client,,application_{train|test}.csv
AMT_CREDIT,True,Credit amount of the loan,,application_{train|test}.csv
AMT_ANNUITY,True,Loan annuity,,application_{train|test}.csv
AMT_GOODS_PRICE,True,For consumer loans it is the price of the goods for which the loan is given,,application_{train|test}.csv
NAME_TYPE_SUITE,True,Who was accompanying client when he was applying for the loan,,application_{train|test}.csv
NAME_INCOME_TYPE,True,"Clients income type (businessman, working, maternity leave,…)",,application_{train|test}.csv
NAME_EDUCATION_TYPE,True,Level of highest education the client achieved,,application_{train|test}.csv
NAME_FAMILY_STATUS,True,Family status of the client,,application_{train|test}.csv
NAME_HOUSING_TYPE,True,"What is the housing situation of the client (renting, living with parents, ...)",,application_{train|test}.csv
REGION_POPULATION_RELATIVE,True,Normalized population of region where client lives (higher number means the client lives in more populated region),normalized ,application_{train|test}.csv
DAYS_BIRTH,True,Client's age in days at the time of application,time only relative to the application,application_{train|test}.csv
DAYS_EMPLOYED,True,How many days before the application the person started current employment,time only relative to the application,application_{train|test}.csv
DAYS_REGISTRATION,True,How many days before the application did client change his registration,time only relative to the application,application_{train|test}.csv
DAYS_ID_PUBLISH,True,How many days before the application did client change the identity document with which he applied for the loan,time only relative to the application,application_{train|test}.csv
OWN_CAR_AGE,True,Age of client's car,,application_{train|test}.csv
FLAG_MOBIL,True,"Did client provide mobile phone (1=YES, 0=NO)",,application_{train|test}.csv
FLAG_EMP_PHONE,True,"Did client provide work phone (1=YES, 0=NO)",,application_{train|test}.csv
FLAG_WORK_PHONE,True,"Did client provide home phone (1=YES, 0=NO)",,application_{train|test}.csv
FLAG_CONT_MOBILE,True,"Was mobile phone reachable (1=YES, 0=NO)",,application_{train|test}.csv
FLAG_PHONE,True,"Did client provide home phone (1=YES, 0=NO)",,application_{train|test}.csv
FLAG_EMAIL,True,"Did client provide email (1=YES, 0=NO)",,application_{train|test}.csv
OCCUPATION_TYPE,True,What kind of occupation does the client have,,application_{train|test}.csv
CNT_FAM_MEMBERS,True,How many family members does client have,,application_{train|test}.csv
REGION_RATING_CLIENT,True,"Our rating of the region where client lives (1,2,3)",,application_{train|test}.csv
REGION_RATING_CLIENT_W_CITY,True,"Our rating of the region where client lives with taking city into account (1,2,3)",,application_{train|test}.csv
WEEKDAY_APPR_PROCESS_START,True,On which day of the week did the client apply for the loan,,application_{train|test}.csv
HOUR_APPR_PROCESS_START,True,Approximately at what hour did the client apply for the loan,rounded,application_{train|test}.csv
REG_REGION_NOT_LIVE_REGION,True,"Flag if client's permanent address does not match contact address (1=different, 0=same, at region level)",,application_{train|test}.csv
REG_REGION_NOT_WORK_REGION,True,"Flag if client's permanent address does not match work address (1=different, 0=same, at region level)",,application_{train|test}.csv
LIVE_REGION_NOT_WORK_REGION,True,"Flag if client's contact address does not match work address (1=different, 0=same, at region level)",,application_{train|test}.csv
REG_CITY_NOT_LIVE_CITY,True,"Flag if client's permanent address does not match contact address (1=different, 0=same, at city level)",,application_{train|test}.csv
REG_CITY_NOT_WORK_CITY,True,"Flag if client's permanent address does not match work address (1=different, 0=same, at city level)",,application_{train|test}.csv
LIVE_CITY_NOT_WORK_CITY,True,"Flag if client's contact address does not match work address (1=different, 0=same, at city level)",,application_{train|test}.csv
ORGANIZATION_TYPE,True,Type of organization where client works,,application_{train|test}.csv
EXT_SOURCE_1,True,Normalized score from external data source,normalized,application_{train|test}.csv
EXT_SOURCE_2,True,Normalized score from external data source,normalized,application_{train|test}.csv
EXT_SOURCE_3,True,Normalized score from external data source,normalized,application_{train|test}.csv
APARTMENTS_AVG,True,"Normalized information about building where the client lives, What is average (_AVG suffix), modus (_MODE suffix), median (_MEDI suffix) apartment size, common area, living area, age of building, number of elevators, number of entrances, state of the building, number of floor",normalized,application_{train|test}.csv
BASEMENTAREA_AVG,True,"Normalized information about building where the client lives, What is average (_AVG suffix), modus (_MODE suffix), median (_MEDI suffix) apartment size, common area, living area, age of building, number of elevators, number of entrances, state of the building, number of floor",normalized,application_{train|test}.csv
YEARS_BEGINEXPLUATATION_AVG,True,"Normalized information about building where the client lives, What is average (_AVG suffix), modus (_MODE suffix), median (_MEDI suffix) apartment size, common area, living area, age of building, number of elevators, number of entrances, state of the building, number of floor",normalized,application_{train|test}.csv
YEARS_BUILD_AVG,True,"Normalized information about building where the client lives, What is average (_AVG suffix), modus (_MODE suffix), median (_MEDI suffix) apartment size, common area, living area, age of building, number of elevators, number of entrances, state of the building, number of floor",normalized,application_{train|test}.csv
COMMONAREA_AVG,True,"Normalized information about building where the client lives, What is average (_AVG suffix), modus (_MODE suffix), median (_MEDI suffix) apartment size, common area, living area, age of building, number of elevators, number of entrances, state of the building, number of floor",normalized,application_{train|test}.csv
ELEVATORS_AVG,True,"Normalized information about building where the client lives, What is average (_AVG suffix), modus (_MODE suffix), median (_MEDI suffix) apartment size, common area, living area, age of building, number of elevators, number of entrances, state of the building, number of floor",normalized,application_{train|test}.csv
ENTRANCES_AVG,True,"Normalized information about building where the client lives, What is average (_AVG suffix), modus (_MODE suffix), median (_MEDI suffix) apartment size, common area, living area, age of building, number of elevators, number of entrances, state of the building, number of floor",normalized,application_{train|test}.csv
FLOORSMAX_AVG,True,"Normalized information about building where the client lives, What is average (_AVG suffix), modus (_MODE suffix), median (_MEDI suffix) apartment size, common area, living area, age of building, number of elevators, number of entrances, state of the building, number of floor",normalized,application_{train|test}.csv
FLOORSMIN_AVG,True,"Normalized information about building where the client lives, What is average (_AVG suffix), modus (_MODE suffix), median (_MEDI suffix) apartment size, common area, living area, age of building, number of elevators, number of entrances, state of the building, number of floor",normalized,application_{train|test}.csv
LANDAREA_AVG,True,"Normalized information about building where the client lives, What is average (_AVG suffix), modus (_MODE suffix), median (_MEDI suffix) apartment size, common area, living area, age of building, number of elevators, number of entrances, state of the building, number of floor",normalized,application_{train|test}.csv
LIVINGAPARTMENTS_AVG,True,"Normalized information about building where the client lives, What is average (_AVG suffix), modus (_MODE suffix), median (_MEDI suffix) apartment size, common area, living area, age of building, number of elevators, number of entrances, state of the building, number of floor",normalized,application_{train|test}.csv
LIVINGAREA_AVG,True,"Normalized information about building where the client lives, What is average (_AVG suffix), modus (_MODE suffix), median (_MEDI suffix) apartment size, common area, living area, age of building, number of elevators, number of entrances, state of the building, number of floor",normalized,application_{train|test}.csv
NONLIVINGAPARTMENTS_AVG,True,"Normalized information about building where the client lives, What is average (_AVG suffix), modus (_MODE suffix), median (_MEDI suffix) apartment size, common area, living area, age of building, number of elevators, number of entrances, state of the building, number of floor",normalized,application_{train|test}.csv
NONLIVINGAREA_AVG,True,"Normalized information about building where the client lives, What is average (_AVG suffix), modus (_MODE suffix), median (_MEDI suffix) apartment size, common area, living area, age of building, number of elevators, number of entrances, state of the building, number of floor",normalized,application_{train|test}.csv
APARTMENTS_MODE,True,"Normalized information about building where the client lives, What is average (_AVG suffix), modus (_MODE suffix), median (_MEDI suffix) apartment size, common area, living area, age of building, number of elevators, number of entrances, state of the building, number of floor",normalized,application_{train|test}.csv
BASEMENTAREA_MODE,True,"Normalized information about building where the client lives, What is average (_AVG suffix), modus (_MODE suffix), median (_MEDI suffix) apartment size, common area, living area, age of building, number of elevators, number of entrances, state of the building, number of floor",normalized,application_{train|test}.csv
YEARS_BEGINEXPLUATATION_MODE,True,"Normalized information about building where the client lives, What is average (_AVG suffix), modus (_MODE suffix), median (_MEDI suffix) apartment size, common area, living area, age of building, number of elevators, number of entrances, state of the building, number of floor",normalized,application_{train|test}.csv
YEARS_BUILD_MODE,True,"Normalized information about building where the client lives, What is average (_AVG suffix), modus (_MODE suffix), median (_MEDI suffix) apartment size, common area, living area, age of building, number of elevators, number of entrances, state of the building, number of floor",normalized,application_{train|test}.csv
COMMONAREA_MODE,True,"Normalized information about building where the client lives, What is average (_AVG suffix), modus (_MODE suffix), median (_MEDI suffix) apartment size, common area, living area, age of building, number of elevators, number of entrances, state of the building, number of floor",normalized,application_{train|test}.csv
ELEVATORS_MODE,True,"Normalized information about building where the client lives, What is average (_AVG suffix), modus (_MODE suffix), median (_MEDI suffix) apartment size, common area, living area, age of building, number of elevators, number of entrances, state of the building, number of floor",normalized,application_{train|test}.csv
ENTRANCES_MODE,True,"Normalized information about building where the client lives, What is average (_AVG suffix), modus (_MODE suffix), median (_MEDI suffix) apartment size, common area, living area, age of building, number of elevators, number of entrances, state of the building, number of floor",normalized,application_{train|test}.csv
FLOORSMAX_MODE,True,"Normalized information about building where the client lives, What is average (_AVG suffix), modus (_MODE suffix), median (_MEDI suffix) apartment size, common area, living area, age of building, number of elevators, number of entrances, state of the building, number of floor",normalized,application_{train|test}.csv
FLOORSMIN_MODE,True,"Normalized information about building where the client lives, What is average (_AVG suffix), modus (_MODE suffix), median (_MEDI suffix) apartment size, common area, living area, age of building, number of elevators, number of entrances, state of the building, number of floor",normalized,application_{train|test}.csv
LANDAREA_MODE,True,"Normalized information about building where the client lives, What is average (_AVG suffix), modus (_MODE suffix), median (_MEDI suffix) apartment size, common area, living area, age of building, number of elevators, number of entrances, state of the building, number of floor",normalized,application_{train|test}.csv
LIVINGAPARTMENTS_MODE,True,"Normalized information about building where the client lives, What is average (_AVG suffix), modus (_MODE suffix), median (_MEDI suffix) apartment size, common area, living area, age of building, number of elevators, number of entrances, state of the building, number of floor",normalized,application_{train|test}.csv
LIVINGAREA_MODE,True,"Normalized information about building where the client lives, What is average (_AVG suffix), modus (_MODE suffix), median (_MEDI suffix) apartment size, common area, living area, age of building, number of elevators, number of entrances, state of the building, number of floor",normalized,application_{train|test}.csv
NONLIVINGAPARTMENTS_MODE,True,"Normalized information about building where the client lives, What is average (_AVG suffix), modus (_MODE suffix), median (_MEDI suffix) apartment size, common area, living area, age of building, number of elevators, number of entrances, state of the building, number of floor",normalized,application_{train|test}.csv
NONLIVINGAREA_MODE,True,"Normalized information about building where the client lives, What is average (_AVG suffix), modus (_MODE suffix), median (_MEDI suffix) apartment size, common area, living area, age of building, number of elevators, number of entrances, state of the building, number of floor",normalized,application_{train|test}.csv
APARTMENTS_MEDI,True,"Normalized information about building where the client lives, What is average (_AVG suffix), modus (_MODE suffix), median (_MEDI suffix) apartment size, common area, living area, age of building, number of elevators, number of entrances, state of the building, number of floor",normalized,application_{train|test}.csv
BASEMENTAREA_MEDI,True,"Normalized information about building where the client lives, What is average (_AVG suffix), modus (_MODE suffix), median (_MEDI suffix) apartment size, common area, living area, age of building, number of elevators, number of entrances, state of the building, number of floor",normalized,application_{train|test}.csv
YEARS_BEGINEXPLUATATION_MEDI,True,"Normalized information about building where the client lives, What is average (_AVG suffix), modus (_MODE suffix), median (_MEDI suffix) apartment size, common area, living area, age of building, number of elevators, number of entrances, state of the building, number of floor",normalized,application_{train|test}.csv
YEARS_BUILD_MEDI,True,"Normalized information about building where the client lives, What is average (_AVG suffix), modus (_MODE suffix), median (_MEDI suffix) apartment size, common area, living area, age of building, number of elevators, number of entrances, state of the building, number of floor",normalized,application_{train|test}.csv
COMMONAREA_MEDI,True,"Normalized information about building where the client lives, What is average (_AVG suffix), modus (_MODE suffix), median (_MEDI suffix) apartment size, common area, living area, age of building, number of elevators, number of entrances, state of the building, number of floor",normalized,application_{train|test}.csv
ELEVATORS_MEDI,True,"Normalized information about building where the client lives, What is average (_AVG suffix), modus (_MODE suffix), median (_MEDI suffix) apartment size, common area, living area, age of building, number of elevators, number of entrances, state of the building, number of floor",normalized,application_{train|test}.csv
ENTRANCES_MEDI,True,"Normalized information about building where the client lives, What is average (_AVG suffix), modus (_MODE suffix), median (_MEDI suffix) apartment size, common area, living area, age of building, number of elevators, number of entrances, state of the building, number of floor",normalized,application_{train|test}.csv
FLOORSMAX_MEDI,True,"Normalized information about building where the client lives, What is average (_AVG suffix), modus (_MODE suffix), median (_MEDI suffix) apartment size, common area, living area, age of building, number of elevators, number of entrances, state of the building, number of floor",normalized,application_{train|test}.csv
FLOORSMIN_MEDI,True,"Normalized information about building where the client lives, What is average (_AVG suffix), modus (_MODE suffix), median (_MEDI suffix) apartment size, common area, living area, age of building, number of elevators, number of entrances, state of the building, number of floor",normalized,application_{train|test}.csv
LANDAREA_MEDI,True,"Normalized information about building where the client lives, What is average (_AVG suffix), modus (_MODE suffix), median (_MEDI suffix) apartment size, common area, living area, age of building, number of elevators, number of entrances, state of the building, number of floor",normalized,application_{train|test}.csv
LIVINGAPARTMENTS_MEDI,True,"Normalized information about building where the client lives, What is average (_AVG suffix), modus (_MODE suffix), median (_MEDI suffix) apartment size, common area, living area, age of building, number of elevators, number of entrances, state of the building, number of floor",normalized,application_{train|test}.csv
LIVINGAREA_MEDI,True,"Normalized information about building where the client lives, What is average (_AVG suffix), modus (_MODE suffix), median (_MEDI suffix) apartment size, common area, living area, age of building, number of elevators, number of entrances, state of the building, number of floor",normalized,application_{train|test}.csv
NONLIVINGAPARTMENTS_MEDI,True,"Normalized information about building where the client lives, What is average (_AVG suffix), modus (_MODE suffix), median (_MEDI suffix) apartment size, common area, living area, age of building, number of elevators, number of entrances, state of the building, number of floor",normalized,application_{train|test}.csv
NONLIVINGAREA_MEDI,True,"Normalized information about building where the client lives, What is average (_AVG suffix), modus (_MODE suffix), median (_MEDI suffix) apartment size, common area, living area, age of building, number of elevators, number of entrances, state of the building, number of floor",normalized,application_{train|test}.csv
FONDKAPREMONT_MODE,True,"Normalized information about building where the client lives, What is average (_AVG suffix), modus (_MODE suffix), median (_MEDI suffix) apartment size, common area, living area, age of building, number of elevators, number of entrances, state of the building, number of floor",normalized,application_{train|test}.csv
HOUSETYPE_MODE,True,"Normalized information about building where the client lives, What is average (_AVG suffix), modus (_MODE suffix), median (_MEDI suffix) apartment size, common area, living area, age of building, number of elevators, number of entrances, state of the building, number of floor",normalized,application_{train|test}.csv
TOTALAREA_MODE,True,"Normalized information about building where the client lives, What is average (_AVG suffix), modus (_MODE suffix), median (_MEDI suffix) apartment size, common area, living area, age of building, number of elevators, number of entrances, state of the building, number of floor",normalized,application_{train|test}.csv
WALLSMATERIAL_MODE,True,"Normalized information about building where the client lives, What is average (_AVG suffix), modus (_MODE suffix), median (_MEDI suffix) apartment size, common area, living area, age of building, number of elevators, number of entrances, state of the building, number of floor",normalized,application_{train|test}.csv
EMERGENCYSTATE_MODE,True,"Normalized information about building where the client lives, What is average (_AVG suffix), modus (_MODE suffix), median (_MEDI suffix) apartment size, common area, living area, age of building, number of elevators, number of entrances, state of the building, number of floor",normalized,application_{train|test}.csv
OBS_30_CNT_SOCIAL_CIRCLE,True,How many observation of client's social surroundings with observable 30 DPD (days past due) default,,application_{train|test}.csv
DEF_30_CNT_SOCIAL_CIRCLE,True,How many observation of client's social surroundings defaulted on 30 DPD (days past due) ,,application_{train|test}.csv
OBS_60_CNT_SOCIAL_CIRCLE,True,How many observation of client's social surroundings with observable 60 DPD (days past due) default,,application_{train|test}.csv
DEF_60_CNT_SOCIAL_CIRCLE,True,How many observation of client's social surroundings defaulted on 60 (days past due) DPD,,application_{train|test}.csv
DAYS_LAST_PHONE_CHANGE,True,How many days before application did client change phone,,application_{train|test}.csv
FLAG_DOCUMENT_2,True,Did client provide document 2,,application_{train|test}.csv
FLAG_DOCUMENT_3,True,Did client provide document 3,,application_{train|test}.csv
FLAG_DOCUMENT_4,True,Did client provide document 4,,application_{train|test}.csv
FLAG_DOCUMENT_5,True,Did client provide document 5,,application_{train|test}.csv
FLAG_DOCUMENT_6,True,Did client provide document 6,,application_{train|test}.csv
FLAG_DOCUMENT_7,True,Did client provide document 7,,application_{train|test}.csv
FLAG_DOCUMENT_8,True,Did client provide document 8,,application_{train|test}.csv
FLAG_DOCUMENT_9,True,Did client provide document 9,,application_{train|test}.csv
FLAG_DOCUMENT_10,True,Did client provide document 10,,application_{train|test}.csv
FLAG_DOCUMENT_11,True,Did client provide document 11,,application_{train|test}.csv
FLAG_DOCUMENT_12,True,Did client provide document 12,,application_{train|test}.csv
FLAG_DOCUMENT_13,True,Did client provide document 13,,application_{train|test}.csv
FLAG_DOCUMENT_14,True,Did client provide document 14,,application_{train|test}.csv
FLAG_DOCUMENT_15,True,Did client provide document 15,,application_{train|test}.csv
FLAG_DOCUMENT_16,True,Did client provide document 16,,application_{train|test}.csv
FLAG_DOCUMENT_17,True,Did client provide document 17,,application_{train|test}.csv
FLAG_DOCUMENT_18,True,Did client provide document 18,,application_{train|test}.csv
FLAG_DOCUMENT_19,True,Did client provide document 19,,application_{train|test}.csv
FLAG_DOCUMENT_20,True,Did client provide document 20,,application_{train|test}.csv
FLAG_DOCUMENT_21,True,Did client provide document 21,,application_{train|test}.csv
AMT_REQ_CREDIT_BUREAU_HOUR,True,Number of enquiries to Credit Bureau about the client one hour before application,,application_{train|test}.csv
AMT_REQ_CREDIT_BUREAU_DAY,True,Number of enquiries to Credit Bureau about the client one day before application (excluding one hour before application),,application_{train|test}.csv
AMT_REQ_CREDIT_BUREAU_WEEK,True,Number of enquiries to Credit Bureau about the client one week before application (excluding one day before application),,application_{train|test}.csv
AMT_REQ_CREDIT_BUREAU_MON,True,Number of enquiries to Credit Bureau about the client one month before application (excluding one week before application),,application_{train|test}.csv
AMT_REQ_CREDIT_BUREAU_QRT,True,Number of enquiries to Credit Bureau about the client 3 month before application (excluding one month before application),,application_{train|test}.csv
AMT_REQ_CREDIT_BUREAU_YEAR,True,Number of enquiries to Credit Bureau about the client one day year (excluding last 3 months before application),,application_{train|test}.csv
