term,mean_absolute_contribution
EXT_SOURCE_3,0.3801394858957795
EXT_SOURCE_2,0.32806470591635284
CREDIT_ANNUITY_RATIO,0.19580500342572324
EXT_SOURCE_1,0.15388635788985658
AMT_GOODS_PRICE,0.14088865796824215
AMT_ANNUITY,0.09716008837254748
NAME_EDUCATION_TYPE,0.09218688594206148
DAYS_BIRTH,0.08963820980659616
ORGANIZATION_TYPE,0.08215079952396441
OCCUPATION_TYPE,0.07755283870153974
DAYS_EMPLOYED,0.0654450172023121
FLAG_OWN_CAR,0.06291870133065024
DAYS_ID_PUBLISH,0.06248583022972561
EMPLOYED_AGE_RATIO,0.060840523328049914
NAME_CONTRACT_TYPE,0.051864831965513024
FLAG_DOCUMENT_3,0.05032243075654999
NAME_FAMILY_STATUS,0.04763381366917222
AMT_CREDIT,0.04324906556231831
FLAG_WORK_PHONE,0.041373370132760254
DAYS_LAST_PHONE_CHANGE,0.04056278839438298
ANNUITY_INCOME_RATIO,0.03779400238670977
OWN_CAR_AGE,0.03747051750433429
AMT_REQ_CREDIT_BUREAU_QRT,0.03719890572212432
AMT_REQ_CREDIT_BUREAU_YEAR,0.034843817938507514
REGION_RATING_CLIENT_W_CITY,0.034637901709849254
NAME_INCOME_TYPE,0.031511505074533104
WEEKDAY_APPR_PROCESS_START,0.027956382373814315
DAYS_REGISTRATION,0.027592543133842167
REGION_RATING_CLIENT,0.02632382701433864
REG_CITY_NOT_LIVE_CITY,0.02607752273880081
DEF_30_CNT_SOCIAL_CIRCLE,0.024949697735246443
DEF_60_CNT_SOCIAL_CIRCLE,0.02331459719517936
REGION_POPULATION_RELATIVE,0.023106605417261547
CREDIT_INCOME_RATIO,0.0231009735352448
FLAG_PHONE,0.02199033460614452
INCOME_PER_PERSON,0.02033612405521876
HOUR_APPR_PROCESS_START,0.02019370391489275
AMT_INCOME_TOTAL,0.019874207819209656
WALLSMATERIAL_MODE,0.018836350256111665
NAME_HOUSING_TYPE,0.01819470649590046
TOTALAREA_MODE,0.015121382914094615
NONLIVINGAREA_MODE,0.014843895406590011
FLAG_OWN_REALTY,0.011421700804602083
NAME_TYPE_SUITE,0.010907511669267237
ENTRANCES_AVG,0.010568052776674023
FLAG_DOCUMENT_6,0.010497127555195229
NONLIVINGAPARTMENTS_AVG,0.009531740450921167
FLAG_EMP_PHONE,0.00912205427376037
CNT_CHILDREN,0.008966057036587231
BASEMENTAREA_AVG,0.008712046868651107
OBS_60_CNT_SOCIAL_CIRCLE,0.008399466167418993
BASEMENTAREA_MEDI,0.00779179794878582
AMT_REQ_CREDIT_BUREAU_MON,0.00777660064786024
FLOORSMAX_AVG,0.007563904708260637
AMT_REQ_CREDIT_BUREAU_HOUR,0.0072865308463306005
FLAG_DOCUMENT_16,0.00691361028260621
APARTMENTS_MEDI,0.0066977587871601615
LANDAREA_MEDI,0.006474101119313546
BASEMENTAREA_MODE,0.006357939479616316
APARTMENTS_MODE,0.006191607430596858
NONLIVINGAREA_AVG,0.005854679393704639
YEARS_BEGINEXPLUATATION_MODE,0.005849041215100819
APARTMENTS_AVG,0.005795913315852655
EMERGENCYSTATE_MODE,0.005655292665120322
REG_CITY_NOT_WORK_CITY,0.005447958041984399
ELEVATORS_AVG,0.00544733301252235
FLAG_DOCUMENT_18,0.005436422985327055
AMT_REQ_CREDIT_BUREAU_DAY,0.005390903978602275
YEARS_BEGINEXPLUATATION_AVG,0.0053229558201731905
FLOORSMAX_MEDI,0.0050669575061685354
LANDAREA_MODE,0.005040077351915116
OBS_30_CNT_SOCIAL_CIRCLE,0.004965389882816305
FLOORSMAX_MODE,0.004935725993347113
LIVINGAPARTMENTS_MEDI,0.004930966164087287
COMMONAREA_MEDI,0.0048736934300278555
LIVINGAPARTMENTS_AVG,0.004862968304486932
CNT_FAM_MEMBERS,0.004793914284252244
YEARS_BUILD_MODE,0.0046769075429611015
YEARS_BUILD_AVG,0.004366430040557946
YEARS_BEGINEXPLUATATION_MEDI,0.004328211839488142
FLAG_EMAIL,0.00423911671511531
FONDKAPREMONT_MODE,0.004180818386290684
REG_REGION_NOT_LIVE_REGION,0.0040894015268341565
HOUSETYPE_MODE,0.004036081530771139
LANDAREA_AVG,0.0038983877943021524
LIVINGAPARTMENTS_MODE,0.0038622298535072306
LIVINGAREA_MEDI,0.003632669408177121
FLAG_DOCUMENT_13,0.003598157504916904
LIVINGAREA_MODE,0.003566632312940078
YEARS_BUILD_MEDI,0.0035162898174679255
COMMONAREA_AVG,0.003509381534220642
LIVINGAREA_AVG,0.003496368363842093
FLAG_DOCUMENT_8,0.003355874541960965
ELEVATORS_MODE,0.003290327586353531
ENTRANCES_MODE,0.003254293587334436
FLAG_DOCUMENT_5,0.0031345153340991117
ENTRANCES_MEDI,0.003096225583665571
NONLIVINGAREA_MEDI,0.0029771090387241098
AMT_REQ_CREDIT_BUREAU_WEEK,0.0028594288177501443
LIVE_CITY_NOT_WORK_CITY,0.0027771562383383107
ELEVATORS_MEDI,0.0026941397137006415
NONLIVINGAPARTMENTS_MEDI,0.0021832409602151096
FLAG_DOCUMENT_11,0.002130163842285167
COMMONAREA_MODE,0.002078956644901465
NONLIVINGAPARTMENTS_MODE,0.0018859185809763793
FLAG_DOCUMENT_14,0.0018171170450361133
FLOORSMIN_AVG,0.0016177669049906598
FLOORSMIN_MEDI,0.001526552774838633
FLAG_CONT_MOBILE,0.0014353119972696567
FLAG_DOCUMENT_15,0.0012470700448910747
REG_REGION_NOT_WORK_REGION,0.0010975830255234435
FLOORSMIN_MODE,0.0010225638594734785
FLAG_DOCUMENT_9,0.0007742283671932849
LIVE_REGION_NOT_WORK_REGION,0.00048054821559788386
FLAG_DOCUMENT_21,0.0004731006516660425
FLAG_DOCUMENT_20,0.0004695086044217688
FLAG_DOCUMENT_17,0.0003641119675597106
FLAG_DOCUMENT_2,0.0002966223864765013
FLAG_DOCUMENT_4,0.0002734451266927256
FLAG_DOCUMENT_19,9.654454545504547e-05
FLAG_DOCUMENT_10,4.877286674409695e-05
FLAG_DOCUMENT_7,4.147808084888189e-05
FLAG_MOBIL,1.1252599385523765e-05
FLAG_DOCUMENT_12,1.1060929702605768e-05
