model,n,default_n,default_prevalence,threshold,roc_auc,pr_auc_average_precision,accuracy,balanced_accuracy,precision,recall_sensitivity,specificity,f1,mcc,brier_score,log_loss,true_negative,false_positive,false_negative,true_positive,predicted_positive_rate,false_negative_cost,false_positive_cost,cost_ratio_fn_to_fp,test_expected_cost_total,test_expected_cost_per_applicant,threshold_selection_set,validation_cost_total,validation_cost_per_applicant,test_cost_rank_within_ratio
Logistic regression,61503,4965,0.08072776937710356,0.5604843019683258,0.7490533953458282,0.23137327245955275,0.9194185649480513,0.5018249576602171,0.6551724137931034,0.003826787512588117,0.9998231278078461,0.007609130957148579,0.04580025548224538,0.06838150393724968,0.24872527354610552,56528,10,4946,19,0.00047152171438791604,1.0,1.0,1.0,4956.0,0.08058143505194869,training OOF predictions,19848.0,0.08068030307957465,2.0
Explainable Boosting Machine,61503,4965,0.08072776937710356,0.48286016001704407,0.7686205825012237,0.2550885155511815,0.9193697868396663,0.5129136471484195,0.5109489051094891,0.028197381671701913,0.9976299126251371,0.0534453139912197,0.10564644648732312,0.0672104659249991,0.24313285797066816,56404,134,4825,140,0.004455067232492724,1.0,1.0,1.0,4959.0,0.08063021316033364,training OOF predictions,19796.0,0.08046892783974505,3.0
XGBoost,61503,4965,0.08072776937710356,0.49020371127858653,0.7686649287949604,0.25879043653300754,0.9199063460319009,0.5087961426686369,0.6344827586206897,0.01852970795568983,0.9990625773815841,0.03600782778864971,0.09881719203746613,0.06709298861122848,0.24279800488133382,56485,53,4873,92,0.00235760857193958,1.0,1.0,1.0,4926.0,0.08009365396809912,training OOF predictions,19750.0,0.08028194205066502,1.0
Logistic regression,61503,4965,0.08072776937710356,0.32176571179160196,0.7490533953458282,0.23137327245955275,0.9152399069964067,0.5358373733400064,0.3847583643122677,0.08338368580060423,0.9882910608794085,0.1370634000993213,0.14892731559395123,0.06838150393724968,0.24872527354610552,55876,662,4551,414,0.01749508154073785,2.0,1.0,2.0,9764.0,0.15875648342357285,training OOF predictions,39071.0,0.15882003837273584,3.0
Explainable Boosting Machine,61503,4965,0.08072776937710356,0.34624229830446474,0.7686205825012237,0.2550885155511815,0.916719509617417,0.544542215758639,0.43215211754537597,0.10070493454179255,0.9883794969754855,0.1633453119895459,0.17862438083788354,0.0672104659249991,0.24313285797066816,55881,657,4465,500,0.018812090467131684,2.0,1.0,2.0,9587.0,0.15587857502886038,training OOF predictions,38519.0,0.1565762089037755,2.0
XGBoost,61503,4965,0.08072776937710356,0.3241364839015784,0.7686649287949604,0.25879043653300754,0.916394322228184,0.5525410014856196,0.43468634686346863,0.11863041289023162,0.9864515900810075,0.18639240506329113,0.19501945854748348,0.06709298861122848,0.24279800488133382,55772,766,4376,589,0.022031445620538836,2.0,1.0,2.0,9518.0,0.1547566785360064,training OOF predictions,38514.0,0.15655588436148418,1.0
Logistic regression,61503,4965,0.08072776937710356,0.1622403569819459,0.7490533953458282,0.23137327245955275,0.8617303220981091,0.6346040184293343,0.252552090616697,0.3637462235649547,0.905461813293714,0.2981181908220535,0.22878456136075953,0.06838150393724968,0.24872527354610552,51193,5345,3159,1806,0.11627075102027544,5.0,1.0,5.0,21140.0,0.34372307041932915,training OOF predictions,85649.0,0.34815534454164093,3.0
Explainable Boosting Machine,61503,4965,0.08072776937710356,0.16605031961370245,0.7686205825012237,0.2550885155511815,0.8676975106905355,0.6477706462482415,0.2734285714285714,0.38549848942598186,0.9100428030705012,0.3199331383201003,0.25350632039342147,0.0672104659249991,0.24313285797066816,51452,5086,3051,1914,0.11381558623156594,5.0,1.0,5.0,20341.0,0.33073183421946895,training OOF predictions,83277.0,0.3385133816786446,1.0
XGBoost,61503,4965,0.08072776937710356,0.16992484932395732,0.7686649287949604,0.25879043653300754,0.8636164089556607,0.6487660466094028,0.26622046168556207,0.3925478348439074,0.9049842583748983,0.31727169135601496,0.25029429191228425,0.06709298861122848,0.24279800488133382,51166,5372,3016,1949,0.11903484382875631,5.0,1.0,5.0,20452.0,0.33253662422971236,training OOF predictions,83562.0,0.33967188058924913,2.0
Logistic regression,61503,4965,0.08072776937710356,0.09227776442428072,0.7490533953458282,0.23137327245955275,0.7273141147586296,0.6799031456425477,0.17198266281395866,0.6233635448136958,0.7364427464713997,0.2695875615173555,0.21544233075184405,0.06838150393724968,0.24872527354610552,41637,14901,1870,3095,0.2926036128318944,10.0,1.0,10.0,33601.0,0.5463310732809782,training OOF predictions,133782.0,0.5438115833631426,3.0
Explainable Boosting Machine,61503,4965,0.08072776937710356,0.09713637994503072,0.7686205825012237,0.2550885155511815,0.7573776888932248,0.6959793958323781,0.1915618610990645,0.6227593152064451,0.7691994764583112,0.2929972519662655,0.2426939451299355,0.0672104659249991,0.24313285797066816,43489,13049,1873,3092,0.2624424824805294,10.0,1.0,10.0,31779.0,0.5167065021218478,training OOF predictions,129322.99999999999,0.5256861565477545,2.0
XGBoost,61503,4965,0.08072776937710356,0.08827046534748113,0.7686649287949604,0.25879043653300754,0.7173308619091752,0.6996431723753636,0.17585342937676166,0.6785498489425982,0.720736495808129,0.2793184927247855,0.2348757349459117,0.06709298861122848,0.24279800488133382,40749,15789,1596,3369,0.3114970001463343,10.0,1.0,10.0,31749.0,0.5162187210379982,training OOF predictions,129106.99999999997,0.52480813632077,1.0
Logistic regression,61503,4965,0.08072776937710356,0.04584869267399936,0.7490533953458282,0.23137327245955275,0.4675544282392729,0.6505965936446347,0.11848393298544356,0.8688821752265861,0.4323110120626835,0.20853172205438067,0.16695074396590742,0.06838150393724968,0.24872527354610552,24442,32096,651,4314,0.5920036420987594,20.0,1.0,20.0,45116.0,0.7335577126319042,training OOF predictions,181660.0,0.7384312705277877,3.0
Explainable Boosting Machine,61503,4965,0.08072776937710356,0.05222908031502957,0.7686205825012237,0.2550885155511815,0.5441848365120401,0.6822636413078966,0.13358111757044377,0.8469284994964753,0.517598783119318,0.23076500932938207,0.19866215664938378,0.0672104659249991,0.24313285797066816,29264,27274,760,4205,0.5118286912833521,20.0,1.0,20.0,42474.0,0.6906004585142188,training OOF predictions,174139.0,0.7078590940132028,1.0
XGBoost,61503,4965,0.08072776937710356,0.049440942308702114,0.7686649287949604,0.25879043653300754,0.5202835634034112,0.6739484627562202,0.128770687725031,0.8572004028197382,0.49069652269270225,0.2239057239057239,0.1900779484200386,0.06709298861122848,0.24279800488133382,27743,28795,709,4256,0.5373884200770694,20.0,1.0,20.0,42975.0,0.6987464026145066,training OOF predictions,173771.0,0.7063632077005626,2.0
