model,scenario,n,mean,median,q25,q75,proportion_above_illustrative_threshold
Logistic regression,A: higher external scores / lower credit-income ratio,300,0.014053626591806735,0.011872569332281917,0.0060982129116597256,0.018750548488198127,0.0
Logistic regression,B: EXT_SOURCE_1 missing / moderate other scores,300,0.05318536236813795,0.04088438227938934,0.02132126727004382,0.06763733338430347,0.03
Logistic regression,C: lower external scores / higher credit-income ratio,300,0.29955174612269797,0.26045087989750865,0.15423741514315845,0.40112481612267586,0.7233333333333334
Explainable Boosting Machine,A: higher external scores / lower credit-income ratio,300,0.018666593596071042,0.01573061414636408,0.011325206688117848,0.024211246561556883,0.0
Explainable Boosting Machine,B: EXT_SOURCE_1 missing / moderate other scores,300,0.04395917600175904,0.03842490190224897,0.025682203782992557,0.05763012692565481,0.0
Explainable Boosting Machine,C: lower external scores / higher credit-income ratio,300,0.11462653823489935,0.09874749874510455,0.07290933738977044,0.14227639860026198,0.18333333333333332
XGBoost,A: higher external scores / lower credit-income ratio,300,0.014443173387323004,0.012879834000428182,0.008552364113353824,0.01809389201104107,0.0
XGBoost,B: EXT_SOURCE_1 missing / moderate other scores,300,0.03898126818282657,0.0340911424460278,0.021537882009706133,0.05226479669030168,0.0
XGBoost,C: lower external scores / higher credit-income ratio,300,0.13843730930935377,0.1258795176223762,0.08634952595503102,0.1814795310064151,0.31333333333333335
