split_seed,roc_auc_full,roc_auc_without_ext,roc_auc_gap_full_minus_without_ext,pr_auc_full,pr_auc_without_ext,pr_auc_gap_full_minus_without_ext
0,0.7713073423476523,0.7173183329327437,0.053989009414908584,0.25583587629897375,0.1930485784824956,0.06278729781647815
1,0.7701044226348386,0.7217180812576856,0.04838634137715303,0.25599675971232216,0.1978182236971919,0.05817853601513026
2,0.7664663059186423,0.7200780877369433,0.046388218181699026,0.2472083213605393,0.19208601350644883,0.055122307854090474
3,0.7733337829057532,0.716892136853692,0.056441646052061145,0.2578803235960887,0.19661546965325055,0.06126485394283815
4,0.7594737929381292,0.7112125392088957,0.04826125372923351,0.24409500651120414,0.1875379856232099,0.05655702088799425
5,0.7613857706481719,0.7136502672836282,0.047735503364543685,0.2543959127415184,0.19110845363444678,0.06328745910707162
6,0.763059022553324,0.7115648194548154,0.051494203098508606,0.24970616987303665,0.19321954824517354,0.05648662162786311
7,0.763838530187452,0.7156742515803699,0.048164278607082056,0.250723615020817,0.19629541173550277,0.05442820328531425
8,0.7616453720028312,0.7110772631527275,0.050568108850103766,0.24791842181764348,0.18939322720402146,0.05852519461362202
9,0.7656722780215692,0.712974797191006,0.05269748083056325,0.24851306047121494,0.18675639665471858,0.06175666381649636
10,0.7621623321936208,0.7136982187064377,0.04846411348718316,0.24363406347580868,0.19189502835624347,0.05173903511956521
11,0.7601348122342264,0.7099321359388726,0.0502026762953538,0.24381733057584115,0.19140223633526493,0.05241509424057622
12,0.7687722900374788,0.7174127876706866,0.05135950236679221,0.2510677431739864,0.1933382854739732,0.0577294577000132
13,0.7660381166876973,0.715977917800706,0.050060198886991314,0.24424682546682794,0.19339215359708645,0.05085467186974149
14,0.7634611779075269,0.7113425607538169,0.05211861715371002,0.24575439477537514,0.18810251792968205,0.05765187684569309
15,0.7713623811264796,0.7179776137871535,0.05338476733932607,0.256610847701141,0.19695139821628124,0.05965944948485977
16,0.7650504573793767,0.7184085674253717,0.04664188995400498,0.25100120738298926,0.18958821691393646,0.0614129904690528
17,0.7658157813955178,0.7128461240071067,0.052969657388411084,0.24489395395469704,0.18645936499649382,0.05843458895820322
18,0.77079493487915,0.7148127557588819,0.05598217912026804,0.25437954914930766,0.1911781955505507,0.06320135359875695
19,0.765352992543902,0.7175350165082494,0.04781797603565263,0.24966510769525796,0.19581774107513233,0.053847366620125625
20,0.7618063898205405,0.7106201420484978,0.051186247772042726,0.23897950161800408,0.1873845031913945,0.051594998426609584
21,0.7636357327711611,0.7129313788973912,0.050704353873769925,0.25117156951469827,0.19335237853444207,0.0578191909802562
22,0.7647083316990914,0.7123670052032486,0.05234132649584278,0.2525932510224557,0.1884666961015475,0.06412655492090821
23,0.7626235393482917,0.7120728469764848,0.05055069237180698,0.24768098002207733,0.19222528468573574,0.05545569533634159
24,0.7634046233357938,0.7113490692230025,0.05205555411279139,0.24534573201333432,0.187518921095937,0.0578268109173973
25,0.7612735253819789,0.7082877909703414,0.05298573441163745,0.24298243767055408,0.18547255061278684,0.057509887057767245
26,0.765909156732167,0.7135629729305035,0.05234618380166345,0.2486881696281005,0.18921523621247133,0.059472933415629176
27,0.7586108561337264,0.7093144743759217,0.04929638175780471,0.24050962276308713,0.18627127793652898,0.05423834482655815
28,0.7634285767823205,0.7120610964643836,0.05136748031793681,0.247726989428422,0.19122282023573034,0.05650416919269166
42,0.7686649287949604,0.7195656036772602,0.04909932511770021,0.25879043653300754,0.19472738757060132,0.06406304896240622
