comparison,metric,n_seeds,mean_difference,standard_deviation,minimum,maximum,range,fraction_favouring_first_model
XGBoost minus Logistic regression,roc_auc,30,0.017514202231425267,0.0018297711498275516,0.014563923480494179,0.021555679455149357,0.006991755974655178,1.0
Explainable Boosting Machine minus Logistic regression,roc_auc,30,0.016603470986447284,0.0016312623138612194,0.01387324202310869,0.019567187155395516,0.005693945132286826,1.0
XGBoost minus Explainable Boosting Machine,roc_auc,30,0.000910731244977984,0.0011941170274720942,-0.0011254058753700225,0.0033376103273694557,0.004463016202739478,0.8
XGBoost minus Logistic regression,pr_auc_average_precision,30,0.024231745173195537,0.0035827661904715207,0.016606946282838375,0.030241263559540377,0.013634317276702002,1.0
Explainable Boosting Machine minus Logistic regression,pr_auc_average_precision,30,0.021756194745707478,0.0027887849177938018,0.017632739621015248,0.028393058251212244,0.010760318630196997,1.0
XGBoost minus Explainable Boosting Machine,pr_auc_average_precision,30,0.0024755504274880493,0.0019340426945625908,-0.00233287240820812,0.005696831172725292,0.008029703580933412,0.9333333333333333
XGBoost minus Logistic regression,brier_score,30,-0.001128595257026449,0.00014128681719435146,-0.0013976223548386318,-0.0008097932970992233,0.0005878290577394085,1.0
Explainable Boosting Machine minus Logistic regression,brier_score,30,-0.0009990886305287449,0.00011582223627434767,-0.0012339203925866432,-0.0008263158025292872,0.00040760459005735605,1.0
XGBoost minus Explainable Boosting Machine,brier_score,30,-0.00012950662649770424,8.617904430932115e-05,-0.00028985522183361256,7.596718977269379e-05,0.00036582241160630635,0.9666666666666667
XGBoost minus Logistic regression,log_loss,30,-0.005218395449054113,0.0005535886950218004,-0.006339784194223402,-0.003953948524144241,0.0023858356700791616,1.0
Explainable Boosting Machine minus Logistic regression,log_loss,30,-0.0047715040699636,0.0004588264781477797,-0.005604411126337555,-0.0040696917454193515,0.0015347193809182036,1.0
XGBoost minus Explainable Boosting Machine,log_loss,30,-0.0004468913790905129,0.00036010785761666944,-0.001182150675874044,0.00032628352973568253,0.0015084342056097266,0.9666666666666667
