cost_ratio_fn_to_fp,comparison,n_seeds,mean_cost_difference_per_applicant,standard_deviation,minimum,maximum,range,fraction_first_model_lower_cost
1.0,XGBoost minus Logistic regression,30,-0.00025418814258383187,0.00020762891146369078,-0.0006015966700811393,0.00029266865030973255,0.0008942653203908718,0.8666666666666667
1.0,Explainable Boosting Machine minus Logistic regression,30,-0.00015771588377802754,0.00020159945102327356,-0.0006015966700811393,0.00014633432515485933,0.0007479309952359986,0.7333333333333333
1.0,XGBoost minus Explainable Boosting Machine,30,-9.647225880580432e-05,0.00021671401988212788,-0.0005365591922345259,0.00027640928084808614,0.000812968473082612,0.6666666666666666
2.0,XGBoost minus Logistic regression,30,-0.002637269726679998,0.000679191081984393,-0.0039998048875664605,-0.0014958619904719972,0.0025039428970944633,1.0
2.0,Explainable Boosting Machine minus Logistic regression,30,-0.0023440590973882033,0.0006021053495485827,-0.0038534705624115873,-0.0006991528868510455,0.0031543176755605418,1.0
2.0,XGBoost minus Explainable Boosting Machine,30,-0.00029321062929179485,0.0005523151055102729,-0.001121896492853991,0.0009593027982374991,0.00208119929109149,0.7666666666666667
5.0,XGBoost minus Logistic regression,30,-0.010142052691196638,0.002840577244756498,-0.01569029153049445,-0.004503845340877666,0.011186446189616783,1.0
5.0,Explainable Boosting Machine minus Logistic regression,30,-0.01019570861042009,0.001987847916305484,-0.014243207648407419,-0.00676389769604735,0.007479309952360069,1.0
5.0,XGBoost minus Explainable Boosting Machine,30,5.365591922345166e-05,0.0020631584807372988,-0.004146139212721334,0.0050078857941889265,0.00915402500691026,0.4666666666666667
10.0,XGBoost minus Logistic regression,30,-0.02504051292890862,0.00427281135812006,-0.033884525958083334,-0.017381265954506286,0.016503260003577047,1.0
10.0,Explainable Boosting Machine minus Logistic regression,30,-0.023447094721666686,0.004434160786289459,-0.03007983350405674,-0.015950441441880847,0.014129392062175894,1.0
10.0,XGBoost minus Explainable Boosting Machine,30,-0.0015934182072419331,0.004012938508716484,-0.011040111864461966,0.0032843926312537963,0.014324504495715762,0.5333333333333333
20.0,XGBoost minus Logistic regression,30,-0.03210033114915803,0.006257745911311249,-0.04097361104336372,-0.01720241289042812,0.023771198152935602,1.0
20.0,Explainable Boosting Machine minus Logistic regression,30,-0.033744695380713126,0.006325887846362467,-0.04295725411768536,-0.02053558363006691,0.02242167048761845,1.0
20.0,XGBoost minus Explainable Boosting Machine,30,0.0016443642315550993,0.005280498823464773,-0.010503552672227356,0.013023754938783383,0.02352730761101074,0.4
