split_seed,model,roc_auc,pr_auc_average_precision,brier_score,log_loss,selected_threshold,primary_cost_ratio_fn_to_fp,test_rows,test_default_rate
0,Explainable Boosting Machine,0.76921817183121,0.25362421751460407,0.06726896955149828,0.24323534463285412,0.15553348813341858,5.0,61503,0.08072776937710356
0,Logistic regression,0.7543653464163895,0.23171926489387765,0.06826322012144961,0.24777818125363035,0.165989106651294,5.0,61503,0.08072776937710356
0,XGBoost,0.7713073423476523,0.25583587629897375,0.0671155665499817,0.24259601923331156,0.16368718605838717,5.0,61503,0.08072776937710356
1,Explainable Boosting Machine,0.7703676130878583,0.2550138389960429,0.06723193235965425,0.24287773303711654,0.16298634713736151,5.0,61503,0.08072776937710356
1,Logistic regression,0.751725586837175,0.22662078074483066,0.06846585275224089,0.2484821441634541,0.1606859476821609,5.0,61503,0.08072776937710356
1,XGBoost,0.7701044226348386,0.25599675971232216,0.06715939765509572,0.24278587872464744,0.16896883947386224,5.0,61503,0.08072776937710356
2,Explainable Boosting Machine,0.7647741484601416,0.24337932031591694,0.06778146470907126,0.24493972721485502,0.16633364034549275,5.0,61503,0.08072776937710356
2,Logistic regression,0.7458287142617089,0.2176186205353472,0.06892173180078573,0.2504133961419194,0.16281874168508673,5.0,61503,0.08072776937710356
2,XGBoost,0.7664663059186423,0.2472083213605393,0.06756691007631646,0.24419746508358428,0.15752477495014636,5.0,61503,0.08072776937710356
3,Explainable Boosting Machine,0.7700773075756123,0.2525771066379199,0.06731477125929619,0.2432146150955891,0.15020766723674467,5.0,61503,0.08072776937710356
3,Logistic regression,0.7517781034506038,0.22871351800413167,0.0684289390621041,0.24842409996053605,0.15849615402850178,5.0,61503,0.08072776937710356
3,XGBoost,0.7733337829057532,0.2578803235960887,0.06703131670726546,0.24208431576631265,0.16977997806514786,5.0,61503,0.08072776937710356
4,Explainable Boosting Machine,0.7599776738488888,0.2425523589944541,0.06787160939636967,0.24584536504237012,0.16653415649218403,5.0,61503,0.08072776937710356
4,Logistic regression,0.7437974057106456,0.22102715113591614,0.0688696007067822,0.25050511569657735,0.17080209935548316,5.0,61503,0.08072776937710356
4,XGBoost,0.7594737929381292,0.24409500651120414,0.06779325279678416,0.2457941117384943,0.16558247551477429,5.0,61503,0.08072776937710356
5,Explainable Boosting Machine,0.7623623206728825,0.24961839865051366,0.0675208446679325,0.2446979866826003,0.1619838119904079,5.0,61503,0.08072776937710356
5,Logistic regression,0.7455515966820985,0.22415464918197803,0.06867633971250918,0.24980162530128422,0.16358565324195426,5.0,61503,0.08072776937710356
5,XGBoost,0.7613857706481719,0.2543959127415184,0.06736412730004317,0.24466744819434957,0.15167314371440208,5.0,61503,0.08072776937710356
6,Explainable Boosting Machine,0.7629731406840704,0.24467339662007292,0.067689805857626,0.24495054426799834,0.15887386046731566,5.0,61503,0.08072776937710356
6,Logistic regression,0.7479829926254804,0.22223602092774652,0.06869985950854349,0.24947644762474663,0.1667570625407299,5.0,61503,0.08072776937710356
6,XGBoost,0.763059022553324,0.24970616987303665,0.06751400348994709,0.244563211639243,0.16657111919241924,5.0,61503,0.08072776937710356
7,Explainable Boosting Machine,0.7627590273661002,0.24957989376598158,0.06751642859466181,0.24466692014912475,0.15649265571777654,5.0,61503,0.08072776937710356
7,Logistic regression,0.7463106259718841,0.22553341815672806,0.06861129313186247,0.24966914037415752,0.15485500903684696,5.0,61503,0.08072776937710356
7,XGBoost,0.763838530187452,0.250723615020817,0.06743938395324511,0.2442313337327705,0.16871952873075877,5.0,61503,0.08072776937710356
8,Explainable Boosting Machine,0.7602510259923038,0.24786873628594036,0.06757028291716036,0.24528612337269565,0.15586084742495243,5.0,61503,0.08072776937710356
8,Logistic regression,0.7463777839691951,0.22913330411781016,0.06846380560721237,0.2493580714852597,0.16421661901948145,5.0,61503,0.08072776937710356
8,XGBoost,0.7616453720028312,0.24791842181764348,0.06755102414687716,0.2449636863905217,0.17086311071219018,5.0,61503,0.08072776937710356
9,Explainable Boosting Machine,0.7625570831399406,0.24281622929848964,0.06777655377151805,0.24532253515395164,0.16484180609573373,5.0,61503,0.08072776937710356
9,Logistic regression,0.7468359310390107,0.22140794123578944,0.068696162367865,0.24984359042083412,0.16503340727178875,5.0,61503,0.08072776937710356
9,XGBoost,0.7656722780215692,0.24851306047121494,0.06748669854968443,0.2441403844780776,0.17450772455244756,5.0,61503,0.08072776937710356
10,Explainable Boosting Machine,0.7613796237606077,0.24217988032481375,0.0678091855293777,0.24557118342781564,0.15691162491738764,5.0,61503,0.08072776937710356
10,Logistic regression,0.7467165770425166,0.2239244244176302,0.06865043455550557,0.249640875173235,0.16601016089903056,5.0,61503,0.08072776937710356
10,XGBoost,0.7621623321936208,0.24363406347580868,0.06772969579883222,0.2452224388918765,0.16997676286504435,5.0,61503,0.08072776937710356
11,Explainable Boosting Machine,0.7597653488459328,0.24162306275850928,0.06783799192635101,0.24579932002966196,0.15324755565133377,5.0,61503,0.08072776937710356
11,Logistic regression,0.7438311877649899,0.21822569876877956,0.0688873812664785,0.25053456969455734,0.16101490465107923,5.0,61503,0.08072776937710356
11,XGBoost,0.7601348122342264,0.24381733057584115,0.06775030426643365,0.24548940914944328,0.1642162942554081,5.0,61503,0.08072776937710356
12,Explainable Boosting Machine,0.7668187874390605,0.24847670470712194,0.06753711712590584,0.24403966801202273,0.16247389309718557,5.0,61503,0.08072776937710356
12,Logistic regression,0.7501789615283212,0.22789169859275762,0.06847451355374906,0.24868842250166656,0.16132177508866008,5.0,61503,0.08072776937710356
12,XGBoost,0.7687722900374788,0.2510677431739864,0.0673987611230673,0.24336938299041638,0.17454886831029992,5.0,61503,0.08072776937710356
13,Explainable Boosting Machine,0.7656608392177625,0.24232612434045242,0.06774651212944446,0.24476045764837803,0.15555897438851138,5.0,61503,0.08072776937710356
13,Logistic regression,0.748301316260411,0.22138466030997966,0.0687516923555236,0.24957814555266714,0.16247227036094253,5.0,61503,0.08072776937710356
13,XGBoost,0.7660381166876973,0.24424682546682794,0.0676234697477674,0.24426102487817805,0.162962466983937,5.0,61503,0.08072776937710356
14,Explainable Boosting Machine,0.7625336462385874,0.24501740306474457,0.06768227015636508,0.2450587169609628,0.16702031981655083,5.0,61503,0.08072776937710356
14,Logistic regression,0.7460325786109616,0.22598411154988873,0.06862956566998768,0.2496808790979287,0.16045361142638312,5.0,61503,0.08072776937710356
14,XGBoost,0.7634611779075269,0.24575439477537514,0.06756258531898007,0.2446502656952292,0.17753276226206235,5.0,61503,0.08072776937710356
15,Explainable Boosting Machine,0.7680247707991101,0.2512995726528027,0.06739432144385486,0.24369015975709934,0.16793379396713443,5.0,61503,0.08072776937710356
15,Logistic regression,0.7528845895231031,0.22723776329637463,0.06848565498553737,0.24856786499624473,0.16470084512067057,5.0,61503,0.08072776937710356
15,XGBoost,0.7713623811264796,0.256610847701141,0.06715211283104612,0.24260464977596996,0.178726616361057,5.0,61503,0.08072776937710356
16,Explainable Boosting Machine,0.7657369886634722,0.24923710450878026,0.06746022007640162,0.24398590307570941,0.15827916614314583,5.0,61503,0.08072776937710356
16,Logistic regression,0.7475795174093001,0.22546124468530104,0.06856112068516101,0.24927996424526352,0.16443414855949484,5.0,61503,0.08072776937710356
16,XGBoost,0.7650504573793767,0.25100120738298926,0.06737932154182741,0.24397085896527013,0.1597511358375676,5.0,61503,0.08072776937710356
17,Explainable Boosting Machine,0.7643295847471978,0.24122907082151532,0.06781764106800835,0.24503466093377055,0.1549738775646509,5.0,61503,0.08072776937710356
17,Logistic regression,0.7463443724024235,0.2196442360724938,0.06881522556384657,0.24998063555260358,0.16140453958885406,5.0,61503,0.08072776937710356
17,XGBoost,0.7658157813955178,0.24489395395469704,0.06758006767616394,0.2442503721168452,0.17118252491007868,5.0,61503,0.08072776937710356
18,Explainable Boosting Machine,0.7698735322858724,0.24940527419275532,0.06743843290198677,0.24341592335172987,0.16055716355682234,5.0,61503,0.08072776937710356
18,Logistic regression,0.7548121330547695,0.230391120537477,0.06828698512509254,0.24778058460343982,0.16428608397016697,5.0,61503,0.08072776937710356
18,XGBoost,0.77079493487915,0.25437954914930766,0.06717858014912899,0.24269194713618836,0.16980464630154748,5.0,61503,0.08072776937710356
19,Explainable Boosting Machine,0.766478398419272,0.2473206532304122,0.06759011212033024,0.24410011279106525,0.1522225500644467,5.0,61503,0.08072776937710356
19,Logistic regression,0.7491489882643431,0.2248434576332795,0.06858029664495989,0.2490563006010662,0.16395941292785957,5.0,61503,0.08072776937710356
19,XGBoost,0.765352992543902,0.24966510769525796,0.06746623183767704,0.24406961063266713,0.1729536826333324,5.0,61503,0.08072776937710356
20,Explainable Boosting Machine,0.7607492961537654,0.2384382222463702,0.06797783092258829,0.24596333331841627,0.15696953808981862,5.0,61503,0.08072776937710356
20,Logistic regression,0.7443111651025501,0.21927393958789235,0.06889779398312715,0.25044083326143857,0.1662015068051687,5.0,61503,0.08072776937710356
20,XGBoost,0.7618063898205405,0.23897950161800408,0.06789812590469196,0.24562680984692958,0.16880496595145175,5.0,61503,0.08072776937710356
21,Explainable Boosting Machine,0.7630061960127914,0.250064291269131,0.0675475503575552,0.24475995566646858,0.16778751471950892,5.0,61503,0.08072776937710356
21,Logistic regression,0.7486570555778027,0.22987323679867672,0.06846415824034914,0.24893240810865042,0.15955857684776492,5.0,61503,0.08072776937710356
21,XGBoost,0.7636357327711611,0.25117156951469827,0.06750319455334154,0.24458389709265835,0.16720980529112628,5.0,61503,0.08072776937710356
22,Explainable Boosting Machine,0.764378371548236,0.25296273806151226,0.06741392908697291,0.24426735978572434,0.16071071771281834,5.0,61503,0.08072776937710356
22,Logistic regression,0.7454566913030216,0.2258903413633599,0.06862674911627303,0.24984987071548884,0.1621437887310666,5.0,61503,0.08072776937710356
22,XGBoost,0.7647083316990914,0.2525932510224557,0.06741189926800786,0.24416227213137343,0.16293160862102124,5.0,61503,0.08072776937710356
23,Explainable Boosting Machine,0.7615828540061302,0.2468585773524063,0.06763910806977742,0.24516390423597378,0.1588125567725361,5.0,61503,0.08072776937710356
23,Logistic regression,0.7434393650954467,0.2245401456108081,0.06866877852019163,0.25025689827092723,0.16151080667773063,5.0,61503,0.08072776937710356
23,XGBoost,0.7626235393482917,0.24768098002207733,0.06760684109327889,0.24485053808497276,0.16643675231143912,5.0,61503,0.08072776937710356
24,Explainable Boosting Machine,0.76240941534318,0.2424568080499515,0.06779681808164884,0.24533278489811483,0.1605721849898751,5.0,61503,0.08072776937710356
24,Logistic regression,0.7455535631161382,0.22482406842893626,0.06862313388417812,0.24976038882689816,0.16284110845830285,5.0,61503,0.08072776937710356
24,XGBoost,0.7634046233357938,0.24534573201333432,0.06763673985542826,0.2448034840316466,0.16342426258356962,5.0,61503,0.08072776937710356
25,Explainable Boosting Machine,0.7592489247934096,0.23884579683669416,0.06800599470523812,0.24620696463909353,0.15897415331059053,5.0,61503,0.08072776937710356
25,Logistic regression,0.7443777032456529,0.2190588927742609,0.06888286707611846,0.2504928841598554,0.16958981028439798,5.0,61503,0.08072776937710356
25,XGBoost,0.7612735253819789,0.24298243767055408,0.06780766481093957,0.2453171466048754,0.16087083086365966,5.0,61503,0.08072776937710356
26,Explainable Boosting Machine,0.7647654776259882,0.24535957961252713,0.06766466799540333,0.24466136021873647,0.1597059434640535,5.0,61503,0.08072776937710356
26,Logistic regression,0.7455497584937572,0.22692933555637732,0.0685729105614132,0.249641073653686,0.16556682099671796,5.0,61503,0.08072776937710356
26,XGBoost,0.765909156732167,0.2486881696281005,0.06753385873176983,0.2442304860366355,0.16535315729791963,5.0,61503,0.08072776937710356
27,Explainable Boosting Machine,0.7595462802566781,0.24284249517129525,0.06783547798249052,0.24585332153097575,0.16205237559920516,5.0,61503,0.08072776937710356
27,Logistic regression,0.7440469326532322,0.22390267648024875,0.06872123846936244,0.2501335535848557,0.16352313206139685,5.0,61503,0.08072776937710356
27,XGBoost,0.7586108561337264,0.24050962276308713,0.06791144517226322,0.24617960506071143,0.17306011330093984,5.0,61503,0.08072776937710356
28,Explainable Boosting Machine,0.7617491886767457,0.24481129631077714,0.0677274930674089,0.24531572423868406,0.1555573745035231,5.0,61503,0.08072776937710356
28,Logistic regression,0.7470415516418529,0.22604183191423544,0.0685896537072996,0.2495224506701571,0.16630843701935627,5.0,61503,0.08072776937710356
28,XGBoost,0.7634285767823205,0.247726989428422,0.06754503544485159,0.24458776678297783,0.16109392556733199,5.0,61503,0.08072776937710356
42,Explainable Boosting Machine,0.7686205825012237,0.2550885155511815,0.0672104659249991,0.24313285797066816,0.16605031961370245,5.0,61503,0.08072776937710356
42,Logistic regression,0.7490533953458282,0.23137327245955275,0.06838150393724968,0.24872527354610552,0.1622403569819459,5.0,61503,0.08072776937710356
42,XGBoost,0.7686649287949604,0.25879043653300754,0.06709298861122848,0.24279800488133382,0.16992484932395732,5.0,61503,0.08072776937710356
