model,cost_ratio_fn_to_fp,n_seeds,mean,standard_deviation,minimum,maximum,range
Explainable Boosting Machine,1.0,30,0.547590601187584,0.038954441185468994,0.48286016001704407,0.6437625040249185,0.16090234400787445
Explainable Boosting Machine,2.0,30,0.33929792428299543,0.012977644137501935,0.314089556599142,0.3670057415146638,0.0529161849155218
Explainable Boosting Machine,5.0,30,0.15986732929947295,0.004846312098562104,0.15020766723674467,0.16793379396713443,0.017726126730389757
Explainable Boosting Machine,10.0,30,0.0893940801667595,0.0031085039060957972,0.0827474706613103,0.09713637994503072,0.014388909283720414
Explainable Boosting Machine,20.0,30,0.05105170412414706,0.001998878256492393,0.04645555734779149,0.05470004330722528,0.008244485959433785
Logistic regression,1.0,30,0.5255120218133118,0.025475783736078388,0.48162165976181576,0.5777229955325925,0.09610133577077679
Logistic regression,2.0,30,0.3473776575391017,0.019463271167534844,0.30881560759189775,0.38393287473397714,0.07511726714207939
Logistic regression,5.0,30,0.16342606326567727,0.0031947062893997093,0.15485500903684696,0.17080209935548316,0.015947090318636198
Logistic regression,10.0,30,0.09383779347142053,0.0028307934618921116,0.08862397096780511,0.10095608621859685,0.01233211525079174
Logistic regression,20.0,30,0.047567877182160885,0.0017969979076135247,0.04436915483189573,0.05089134872301851,0.006522193891122782
XGBoost,1.0,30,0.4963308734110879,0.020048019474842586,0.4514074305294024,0.5360059926853039,0.0845985621559015
XGBoost,2.0,30,0.3338490657252782,0.011166763389630045,0.303761329534147,0.3518298423735235,0.04806851283937652
XGBoost,5.0,30,0.16728813042657625,0.0059489775899343586,0.15167314371440208,0.178726616361057,0.02705347264665492
XGBoost,10.0,30,0.09017818408878554,0.0030137260734147773,0.08527304974549693,0.09597161448861098,0.01069856474311405
XGBoost,20.0,30,0.0489022211669335,0.00193684940647891,0.04586950014263439,0.05336407344557781,0.007494573302943418
