grouping,group,n,default_n,default_rate,predicted_positive_rate,true_positive_rate,false_positive_rate,precision,specificity,roc_auc,pr_auc_average_precision,meets_minimum_diagnostic_cell
CODE_GENDER,F,40561,2836,0.06991938068588052,0.09800054239293902,0.3466149506346968,0.07931080185553346,0.24729559748427674,0.9206891981444665,0.7630029507954622,0.23353307148450944,True
CODE_GENDER,M,20940,2129,0.10167144221585482,0.1597898758357211,0.45373414748708313,0.12652171601722398,0.28870292887029286,0.873478283982776,0.767566829208268,0.2931135667448349,True
CODE_GENDER,XNA,2,0,0.0,0.0,,0.0,,1.0,,,False
age_band,<25,2392,280,0.11705685618729098,0.2554347826086957,0.5571428571428572,0.21543560606060605,0.2553191489361702,0.7845643939393939,0.7363162878787879,0.271128497679379,True
age_band,25-34,14368,1513,0.10530345211581292,0.1966174832962138,0.4983476536682089,0.16110462854920266,0.2669026548672566,0.8388953714507974,0.7661121826833077,0.3015632952039758,True
age_band,35-44,16889,1399,0.08283498134880692,0.1262360116051868,0.41029306647605435,0.10058102001291155,0.2692307692307692,0.8994189799870884,0.7714871039029539,0.2689090457213571,True
age_band,45-54,14039,1030,0.07336704893510934,0.09096089465061614,0.3388349514563107,0.07133522945653009,0.27329678935003915,0.9286647705434699,0.7712811220312749,0.2453176548604292,True
age_band,55+,13815,743,0.053782120883098083,0.0344553022077452,0.15612382234185734,0.027539779681762546,0.24369747899159663,0.9724602203182374,0.7269479441741855,0.16010010007395478,True
income_quartile,Q1,20075,1642,0.08179327521793275,0.12851805728518056,0.4074299634591961,0.1036727608094179,0.2593023255813954,0.8963272391905821,0.7618030582893189,0.25350373396884607,True
income_quartile,Q2,10690,922,0.0862488306828812,0.13376987839101964,0.41431670281995664,0.10728910728910729,0.26713286713286716,0.8927108927108927,0.7586233258006576,0.26836750437986306,True
income_quartile,Q3,16344,1386,0.08480176211453745,0.12438815467449829,0.3939393939393939,0.09941168605428533,0.26856861780619773,0.9005883139457147,0.7663015847933617,0.26733128201628115,True
income_quartile,Q4,14394,1015,0.0705154925663471,0.08878699458107545,0.34679802955665023,0.06921294566111069,0.27543035993740217,0.9307870543388893,0.7879648902017977,0.2530326771389284,True
