mean_fit_time,std_fit_time,mean_score_time,std_score_time,param_model__colsample_bytree,param_model__learning_rate,param_model__max_depth,param_model__min_child_weight,param_model__n_estimators,param_model__reg_lambda,param_model__subsample,params,split0_test_roc_auc,split1_test_roc_auc,split2_test_roc_auc,split3_test_roc_auc,split4_test_roc_auc,mean_test_roc_auc,std_test_roc_auc,rank_test_roc_auc,split0_test_average_precision,split1_test_average_precision,split2_test_average_precision,split3_test_average_precision,split4_test_average_precision,mean_test_average_precision,std_test_average_precision,rank_test_average_precision
25.881593036651612,0.20903087424060737,0.5075379848480225,0.05908519886959548,0.8,0.07,5,5,400,5.0,0.8,"{'model__colsample_bytree': 0.8, 'model__learning_rate': 0.07, 'model__max_depth': 5, 'model__min_child_weight': 5, 'model__n_estimators': 400, 'model__reg_lambda': 5.0, 'model__subsample': 0.8}",0.761124680746655,0.7600564052279286,0.7640615833051124,0.7626186735257081,0.760807330657502,0.7617337346925812,0.0014314049866820191,5,0.24253341473841625,0.24010023357682891,0.2518161961363998,0.2483833874689353,0.24294378959919571,0.24515540430395522,0.004292012188078064,1
25.986750888824464,0.21382094051519349,0.5040225982666016,0.010543810548158821,0.8,0.07,5,1,400,1.0,0.8,"{'model__colsample_bytree': 0.8, 'model__learning_rate': 0.07, 'model__max_depth': 5, 'model__min_child_weight': 1, 'model__n_estimators': 400, 'model__reg_lambda': 1.0, 'model__subsample': 0.8}",0.7586663047478713,0.7598706003933349,0.7636659663187303,0.7624918850356618,0.7599227391492821,0.7609234991289762,0.0018539688992931628,11,0.2394633218547918,0.24122337376157776,0.2521483597571102,0.24963164240851282,0.24319650078142732,0.24513263971268398,0.004911893977077686,2
25.18727316856384,0.21192074505924385,0.5243932247161865,0.05681132954677526,0.8,0.07,5,5,400,1.0,0.8,"{'model__colsample_bytree': 0.8, 'model__learning_rate': 0.07, 'model__max_depth': 5, 'model__min_child_weight': 5, 'model__n_estimators': 400, 'model__reg_lambda': 1.0, 'model__subsample': 0.8}",0.7615955369879672,0.7598718889845545,0.762150196188709,0.7614811702212196,0.7601586484016873,0.7610514881568274,0.000880498970133609,9,0.24360659256499573,0.23916378219100465,0.25050647457313985,0.24995507094129582,0.24212889158270173,0.24507216237062757,0.004451836460542495,3
19.661212921142578,0.07419259444261829,0.3591647148132324,0.006125471077066131,0.8,0.07,3,5,400,1.0,0.8,"{'model__colsample_bytree': 0.8, 'model__learning_rate': 0.07, 'model__max_depth': 3, 'model__min_child_weight': 5, 'model__n_estimators': 400, 'model__reg_lambda': 1.0, 'model__subsample': 0.8}",0.7620464993847047,0.7612106795991128,0.7639673964712972,0.7645960423800138,0.7605798878870795,0.7624801011444416,0.0015556032058933016,1,0.2437987684385735,0.23895342099384737,0.2517894484954281,0.25148095003098203,0.2389896373036973,0.24500244505250568,0.005696100929015712,4
28.329030227661132,1.7353501262746012,0.48996644020080565,0.03997675433843867,0.8,0.03,5,1,400,5.0,0.8,"{'model__colsample_bytree': 0.8, 'model__learning_rate': 0.03, 'model__max_depth': 5, 'model__min_child_weight': 1, 'model__n_estimators': 400, 'model__reg_lambda': 5.0, 'model__subsample': 0.8}",0.760671619866592,0.7600937159274774,0.7625999868858708,0.7635476291768618,0.7596248536901737,0.7613075611093951,0.0015098089271989466,7,0.24349253465152604,0.2395576987125512,0.2515979787036512,0.2514540836597684,0.2385463435620351,0.2449297278579064,0.005633908137178923,5
27.467624378204345,0.5750100167186135,0.5031196117401123,0.04302702105335352,0.8,0.03,5,5,400,5.0,0.8,"{'model__colsample_bytree': 0.8, 'model__learning_rate': 0.03, 'model__max_depth': 5, 'model__min_child_weight': 5, 'model__n_estimators': 400, 'model__reg_lambda': 5.0, 'model__subsample': 0.8}",0.7607609556971763,0.7600596336638138,0.7626628272771216,0.7634614363824759,0.7593869711518626,0.7612663648344901,0.0015499810052461553,8,0.24303364725392368,0.23903252461116417,0.2527918807369664,0.2510705847962828,0.23850573390512042,0.2448868742606915,0.005985886998147613,6
25.80182237625122,0.3399157124889694,0.49818921089172363,0.004629003385768169,0.8,0.07,5,1,400,5.0,0.8,"{'model__colsample_bytree': 0.8, 'model__learning_rate': 0.07, 'model__max_depth': 5, 'model__min_child_weight': 1, 'model__n_estimators': 400, 'model__reg_lambda': 5.0, 'model__subsample': 0.8}",0.7605775248762119,0.7606453331623375,0.764453150830966,0.7626680891692332,0.7596842860558077,0.7616056768189112,0.0017267267920537514,6,0.24172886072326039,0.2387772686874608,0.25333468986607144,0.24947231605827935,0.2408345720812541,0.24482954148326522,0.005587430759503912,7
27.525273990631103,0.6896195611146823,0.49817957878112795,0.021305560853620505,0.8,0.03,5,5,400,1.0,0.8,"{'model__colsample_bytree': 0.8, 'model__learning_rate': 0.03, 'model__max_depth': 5, 'model__min_child_weight': 5, 'model__n_estimators': 400, 'model__reg_lambda': 1.0, 'model__subsample': 0.8}",0.7610100991040755,0.7598632250872179,0.7623092411862031,0.7625106493425412,0.7591279919884925,0.760964241341706,0.0013256359757443273,10,0.243495966585524,0.238679484722499,0.25225323378220554,0.24985216717954944,0.23902327517284228,0.24466082548852403,0.005540938538478787,8
19.95963215827942,0.33778707432372185,0.3652652263641357,0.005933109708305437,0.8,0.07,3,5,400,5.0,0.8,"{'model__colsample_bytree': 0.8, 'model__learning_rate': 0.07, 'model__max_depth': 3, 'model__min_child_weight': 5, 'model__n_estimators': 400, 'model__reg_lambda': 5.0, 'model__subsample': 0.8}",0.7624822324700942,0.7607724416927781,0.763518899931624,0.7638284313794252,0.7608881769325293,0.7622980364812901,0.001279194096050925,2,0.24409392986352518,0.23862164852700582,0.25104064165229983,0.25051325519289214,0.23883377552048068,0.24462065015124076,0.005398008110252617,9
27.523714113235474,1.8867940819027824,0.45205936431884763,0.011818989359502706,0.8,0.03,5,1,400,1.0,0.8,"{'model__colsample_bytree': 0.8, 'model__learning_rate': 0.03, 'model__max_depth': 5, 'model__min_child_weight': 1, 'model__n_estimators': 400, 'model__reg_lambda': 1.0, 'model__subsample': 0.8}",0.7603920373189377,0.7597584345114008,0.7623211613507688,0.7625121522683369,0.759286773315617,0.7608541117530123,0.001324530411163355,12,0.24363774599890348,0.23907613521935378,0.2511343004094343,0.2496991858266424,0.2388667867664423,0.24448283084415526,0.005156333653651368,10
19.4996817111969,0.09327391586876439,0.35160031318664553,0.012404842412766638,0.8,0.07,3,1,400,5.0,0.8,"{'model__colsample_bytree': 0.8, 'model__learning_rate': 0.07, 'model__max_depth': 3, 'model__min_child_weight': 1, 'model__n_estimators': 400, 'model__reg_lambda': 5.0, 'model__subsample': 0.8}",0.7623762952429107,0.7605789581904192,0.7631612949946551,0.763921657309896,0.7606155740251405,0.7621307559526043,0.0013441339590874318,4,0.24380812659566414,0.23770641210022217,0.25116139051061215,0.25021504982683446,0.23855117303351075,0.24428843041336873,0.005636172056369503,11
19.288351821899415,0.06981468824093794,0.3459956169128418,0.004891611361954445,0.8,0.07,3,1,400,1.0,0.8,"{'model__colsample_bytree': 0.8, 'model__learning_rate': 0.07, 'model__max_depth': 3, 'model__min_child_weight': 1, 'model__n_estimators': 400, 'model__reg_lambda': 1.0, 'model__subsample': 0.8}",0.7620189992338589,0.7614018280517236,0.7636295128245719,0.7637523777677686,0.7602536054800192,0.7622112646715885,0.0013349936740762612,3,0.24354389890267447,0.23911455816266483,0.2512880515113526,0.24969834558152343,0.23779533252961538,0.24428803733756613,0.005435907987345827,12
18.39309616088867,0.170544042913035,0.31212477684020995,0.01098762530046582,0.8,0.03,3,5,400,1.0,0.8,"{'model__colsample_bytree': 0.8, 'model__learning_rate': 0.03, 'model__max_depth': 3, 'model__min_child_weight': 5, 'model__n_estimators': 400, 'model__reg_lambda': 1.0, 'model__subsample': 0.8}",0.7559642041048338,0.7555170156383207,0.7578808763934318,0.7596211631723865,0.7545914856203289,0.7567149489858603,0.001806279406071026,15,0.2381113865097696,0.23153743309597974,0.24541064404605573,0.24501235361084597,0.23253413715260268,0.23852119088305074,0.005905681726406608,13
18.34617438316345,0.12831874708225316,0.31283249855041506,0.004513842969719913,0.8,0.03,3,5,400,5.0,0.8,"{'model__colsample_bytree': 0.8, 'model__learning_rate': 0.03, 'model__max_depth': 3, 'model__min_child_weight': 5, 'model__n_estimators': 400, 'model__reg_lambda': 5.0, 'model__subsample': 0.8}",0.755956489256322,0.7556899707414649,0.7579997329304246,0.7594262364798744,0.7547758278187645,0.7567696514453701,0.0016954539408382235,13,0.23758286813629026,0.23166360196665253,0.24523995986274624,0.24520940698513005,0.2324374846212481,0.23842666431441342,0.005911816507183423,14
18.85140962600708,0.9798494245927967,0.3191655158996582,0.017175464742959494,0.8,0.03,3,1,400,1.0,0.8,"{'model__colsample_bytree': 0.8, 'model__learning_rate': 0.03, 'model__max_depth': 3, 'model__min_child_weight': 1, 'model__n_estimators': 400, 'model__reg_lambda': 1.0, 'model__subsample': 0.8}",0.7559597677886261,0.7552978465887343,0.7577031843955668,0.7594429189562072,0.7546305394254509,0.7566068514309171,0.0017483274886194058,16,0.23779350735316407,0.23146976710938294,0.2452813735251851,0.24491030536435698,0.23259767786683566,0.23841052624378495,0.005861735696994838,15
19.306078910827637,0.7779223736706519,0.35718750953674316,0.026746347860855398,0.8,0.03,3,1,400,5.0,0.8,"{'model__colsample_bytree': 0.8, 'model__learning_rate': 0.03, 'model__max_depth': 3, 'model__min_child_weight': 1, 'model__n_estimators': 400, 'model__reg_lambda': 5.0, 'model__subsample': 0.8}",0.756027091809369,0.7556917575137391,0.7580132506141264,0.7594058801849297,0.7545918585685818,0.7567459677381493,0.0017291308929591037,14,0.23744507419591687,0.23162983126392261,0.24529638929172615,0.24529911539744176,0.2321694240059527,0.238367966830992,0.006011987909743857,16
