sample,variable,category,count,denominator,percent,ci95_low_percent,ci95_high_percent
Full consenting sample,age,18-24,118,293,40.27303754266212,34.81821463282145,45.979615890430814
Full consenting sample,age,25-34,82,293,27.986348122866893,23.15628402850278,33.38617452412079
Full consenting sample,age,35-44,43,293,14.675767918088738,11.081505988482517,19.184299595959953
Full consenting sample,age,45+,50,293,17.064846416382252,13.190261307981041,21.79186660408368
Full consenting sample,gender,Male,123,293,41.97952218430034,36.468061994593775,47.69857019124581
Full consenting sample,gender,Female,99,293,33.78839590443686,28.613429926677224,39.38295427874322
Full consenting sample,gender,Other,71,293,24.2320819112628,19.679724200936146,29.451370693995315
Full consenting sample,occupation,Student,89,293,30.37542662116041,25.391705056737436,35.86707582350839
Full consenting sample,occupation,Office worker/civil servant,71,293,24.2320819112628,19.679724200936146,29.451370693995315
Full consenting sample,occupation,Freelancer,56,293,19.112627986348123,15.021649112016519,24.003040795152984
Full consenting sample,occupation,Self-employed/small business owner,34,293,11.604095563139932,8.423849196635318,15.778113395149973
Full consenting sample,occupation,Other,43,293,14.675767918088738,11.081505988482517,19.184299595959953
Full consenting sample,education,High school or below,67,293,22.866894197952217,18.42754051468444,28.008513050177164
Full consenting sample,education,College/Bachelor's degree,106,293,36.177474402730375,30.887146548071442,41.825559984971264
Full consenting sample,education,Postgraduate,74,293,25.255972696245735,20.62321862752678,30.529157264957067
Full consenting sample,education,Prefer not to say,46,293,15.699658703071673,11.981281547679753,20.305805034315107
Full consenting sample,income,<5M,77,293,26.27986348122867,21.570279950663018,31.603376939373227
Full consenting sample,income,5M-<15M,66,293,22.525597269624573,18.115573035263854,27.64672019708029
Full consenting sample,income,15M-<30M,54,293,18.43003412969283,14.408937841717789,23.268231400416784
Full consenting sample,income,>=30M,39,293,13.310580204778157,9.892052964438914,17.678711289933702
Full consenting sample,income,Prefer not to say,57,293,19.453924914675767,15.328807588387312,24.369642651299657
Full consenting sample,cic_history,Banked/CIC history,138,293,47.098976109215016,41.458025831851145,52.81501134175042
Full consenting sample,cic_history,No self-reported CIC history,155,293,52.901023890784984,47.18498865824959,58.541974168148855
Full consenting sample,late_payment,Never,99,293,33.78839590443686,28.613429926677224,39.38295427874322
Full consenting sample,late_payment,Once or twice,87,293,29.69283276450512,24.751288170054995,35.15997204515588
Full consenting sample,late_payment,Frequently late,56,293,19.112627986348123,15.021649112016519,24.003040795152984
Full consenting sample,late_payment,Prefer not to say,51,293,17.406143344709896,13.494056263891363,22.161831980690817
Full consenting sample,qr_frequency,Rarely or never,41,293,13.993174061433447,10.48524441199517,18.433040507412368
Full consenting sample,qr_frequency,A few times a month,55,293,18.77133105802048,14.715022232468943,23.63590734218309
Full consenting sample,qr_frequency,A few times a week,69,293,23.549488054607508,19.052782525463147,28.73079170443339
Full consenting sample,qr_frequency,Daily,128,293,43.68600682593857,38.12470871119549,49.410725137231424
Full consenting sample,ecommerce_frequency,Never,52,293,17.747440273037544,13.79844264217445,22.531205934925193
Full consenting sample,ecommerce_frequency,Once every few months,67,293,22.866894197952217,18.42754051468444,28.008513050177164
Full consenting sample,ecommerce_frequency,A few times a month,76,293,25.938566552901023,21.254205084738867,31.245691472779914
Full consenting sample,ecommerce_frequency,Multiple times a week,98,293,33.44709897610922,28.289829513824948,39.03279435907804
Full consenting sample,interest_discount,Under 1%,88,293,30.034129692832764,25.071327504732434,35.51369304299592
Full consenting sample,interest_discount,1%-<3%,73,293,24.914675767918087,20.308317127053616,30.170298432912773
Full consenting sample,interest_discount,3%-5%,68,293,23.208191126279864,18.739945892896625,28.369868004482445
Full consenting sample,interest_discount,Absolute refusal,64,293,21.843003412969285,17.492979662988805,26.92179290432041
Full consenting sample,trust,Traditional commercial banks,108,293,36.86006825938566,31.539456678735604,42.52077051934203
Full consenting sample,trust,E-wallet/payment companies,52,293,17.747440273037544,13.79844264217445,22.531205934925193
Full consenting sample,trust,E-commerce platforms,52,293,17.747440273037544,13.79844264217445,22.531205934925193
Full consenting sample,trust,Big Tech companies,45,293,15.358361774744028,11.680664691294307,19.93266155818309
Full consenting sample,trust,No institution,36,293,12.286689419795222,9.008455315571757,16.54102794124846
Full consenting sample,motivation,Higher credit limit,154,293,52.55972696245734,46.846012661181355,58.20718983269963
Full consenting sample,motivation,No complex income documents,153,293,52.218430034129696,46.50729927706506,57.87214288429846
Full consenting sample,motivation,Lower loan interest,151,293,51.5358361774744,45.83065936792941,57.20126212839918
Full consenting sample,motivation,Faster automated approval,146,293,49.829351535836174,44.14364200476055,55.51947782898071
Full consenting sample,motivation,Refuse regardless of benefit,125,293,42.66211604095563,37.12991094471998,48.38424190615454
Full consenting sample,red_line,Geolocation/GPS,177,293,60.40955631399317,54.709897182311494,65.83979295947115
Full consenting sample,red_line,Phone contacts/call logs,176,293,60.06825938566553,54.36500158382964,65.51092822543556
Full consenting sample,red_line,Web browsing/social media history,175,293,59.72696245733788,54.020384109569186,65.18178536717855
Full consenting sample,red_line,Utility bill payments,146,293,49.829351535836174,44.14364200476055,55.51947782898071
Full consenting sample,red_line,E-commerce purchase history,142,293,48.4641638225256,42.798737871600814,54.16934063207059
